{"loss": [0.27760794955125373, 0.1188835545891241, 0.11416606717771624, 0.1135338752260331, 0.11350434304448039, 0.11347586834371239], "auc": [0.5835638954709415, 0.7478299123448686, 0.7589282746103966, 0.7602805171887721, 0.7606129118237683, 0.760948250991585], "valid_loss": [0.12755857408046722, 0.11480362713336945, 0.11342309415340424, 0.11342309415340424, 0.11342309415340424, 0.11342309415340424], "valid_auc": [0.7387275248799774, 0.7589175718895654, 0.7636195434648472, 0.7636195434648472, 0.7636195434648472, 0.7636195434648472]}